name,email,state,phone,timezone,gender,
A,
red cedar,N,abdulle@gmail.com,A,
Gaur Ln,
Battle Creek,B,ga@gmail.com,A,ONTARIO,sergioalarcon0012@yahoo.com,A,
W Poplar,M,Mrobtallenjr@aol.com,A,
Zerkle Rd,
San Antonio,S,bunnywunnie1985@gmail.com,A,
Main Street,
Fort Lauderdale,F,Fsalliji19@gmail.com,B,
S Post,SALYERSVILLE,jeanjean3351@yahoo.com,B,
Churchill place,
Lake Havasu,L,elusivesprt@aol.com,B,
New Bowers,
New York,N,barry@gmail.com,B,
Morris Road,V,robertbatey@yahoo.com,B,
eatondale avenue,A,sberetz7179@gmail.com,B,
n Nobel,
Battle Creek,B,dabishster@yahoo.com,B,
Carver st,P,fbore50@gmail.com,B,
van horne,WILLIMANTIC,cbouchereau01@gmail.com,B,
BOWLEYS QUARTERS,
Bel Air,B,michaelbrack7169@gmail.com,B,
Willowwood Dr,ALPHARETTA,,B,
Swearington Road,A,rrleuq07@aol.com,B,
Northampton St,
OLD SAYBROOK,OLD,jb342@aol.com,B,
Catherine St,H,brownronalod@gmail.com,B,
s fifth,N,wildwild70@gmail.com,B,
LAFLER DR,E,bruce875@rocketmail.com,C,
heritage point,S,reyes75@gmail.com,C,
WINNEBAGO RD,
Grand Prairie,G,anacanup726@yahoo.com,C,
ENGLISH AVE,A,carrm81@hotmail.com,C,
NW Baynard,EDGEMONT,jessblack2229@gmail.com,C,
Miller St,BLUFFTON,countryrebelchick18@gmail.com,C,
Maurice Ave,C,mallorycas30@gmail.com,C,
Buckeye St,D,blancacastro617@gmail.com,C,
BATTLE GROUND,BATTLE,jean@yahoo.com,C,
th st,
SPRING LAKE,SPRING,domonique@yahoo.com,C,
Kentucky Circle,
Thousand Oaks,T,rightside52@gmail.com,C,
S Calumet,
SUGAR GROVE,SUGAR,whitenybee3@gmail.com,C,
n inspiration,P,colemanmonica30@yahoo.com,C,
th street,
La Grange,L,bobc7288@yahoo.com,C,
amsterdam ave,
San Diego,S,crabbefq@gmail.com,D,
HOLLY AVE,C,edaly761@gmail.com,
De La,D,
VANN TER,W,manudelax@yahoo.com,D,
honea egypt,
New Brunswick,N,stephaniedenise3@aol.com,D,GREENVILLE,cheneydaletodddegroot@yahoo.com,D,
Pliny Rd,S,justingold196@gmail.com,D,
th avenue,
Fort Wayne,F,Fmrdonnelly21@gmail.com,D,
Alice dr,FLORENCE,Fdurant@yahoo.com,E,
S Carter,M,Msamearl17@yahoo.com,E,
Loam Dr,E,shaunaelliott91@gmail.com,
F Blum,F,F
Palm Trail,PHILADELPHIA,efb1blum@gmail.com,F,F
lavergne ave,
Bel Air,B,catfree1954@gmail.com,G,
ortega woods,FAYETTEVILLE,Fzpg11235@gmail.com,G,
Edgemere Road,R,natasha@yahoo.com,G,B,sheilagarcia755@gmail.com,G,
royal oaks,W,garcia258@live.com,G,
po box,M,Mroxyg6688@yahoo.com,G,
college Avenue,R,dgirl510@yahoo.com,G,
th Dr,MANSFIELD,Mmomjoan@aol.com,G,
Brierhill estates,COUNTRYSIDE,rollergirl3423@gmail.com,G,
th Ct,
Boynton Beach,B,juliasalvage95@hotmail.com,G,
river birth,CORONA,ashleygumm@hotmail.com,H,
Cinnamon Dr,L,stevenhall52@yahoo.com,H,
scooter lane,D,skyb1914@yahoo.com,H,
th st,F,Fjhargrove52@yahoo.com,H,
Lee Andrews,C,missjuiceee100@yahoo.com,H,
Nottingham Dr,M,Mmissangela1234@gmail.com,H,
nd St,
Fort Worth,F,Fhaynes@yahoo.com,H,
th Ave,TERRELL,mariohearn19@gmail.com,H,
New Brunswick,S,mr2al@hotmail.com,H,
Danbury Ln,
Las Vegas,L,nickndiego2913@gmail.com,I,
LEESHORE dr,A,issahnabil97@gmail.com,J,
Oklahoma City,O,jackson1@aol.com,J,
brandon hills,
Camp Hill,C,michaeljohnson059@gmail.com,J,
S ALMA,B,andrew5john@yahoo.com,J,
rd St,S,rhondajohnsonclark@gmail.com,J,
Nowhere Ave,J,villedajohnson@yahoo.com,J,
Oberline Ave,W,zackcash69@yahoo.com,J,
Pl apt,
Chicago Heights,C,joshi2005@yahoo.com,K,
S THOMPSON,N,fuzchong@hotmail.com,K,
Jefferson St,P,kennerly@aol.com,K,
betner ct,
Bel Air,B,lawrencegriffin59@gmail.com,K,
ala walua,NORFOLK,mkennett0001@yahoo.com,K,
Yellow Pine,DERBY,kumarirajnish1983@gmail.com,L,
South First,C,lassiterlaura07@yahoo.com,L,
po box,C,jlathan1@yahoo.com,L,
Starboard View,S,layrockjen@yahoo.com,L,
a cedar,N,kreyollegacygroup@gmail.com,L,
W Belle,
West Palm,W,leo16@yahoo.com,L,
sixth ave,
STUARTS DRAFT,STUARTS,amberetta79@hotmail.com,L,
Brompton Pl,PROVIDENCE,hugolopez1955@hotmail.com,L,
cross at,NASHUA,sanlu8a@hotmail.com,L,
Shipherd Falls,J,dlutz0930@hotmail.com,M,M
Northridge Dr,D,78@yahoo.com,M,M
pelican lane,VICTORIA,sarah6@gmail.com,M,M
N IOWA,D,marbury@yahoo.com,M,M
E Firth,Y,jose7432@yahoo.com,M,M
Buttercup ln,
Los Angeles,L,lmart@yahoo.com,M,M
Lake Creek,M,M,M,M
crystal ln,S,pmattair@gmail.com,M,M
Misty Crossing,N,mauldin@ymail.com,M,M
manderley way,RUMFORD,mbasil1967@yahoo.com,M,M
VAN BUREN,B,mballobajaha@gmail.com,M,M
po box,
JACKSONVILLE BEACH,JACKSONVILLE,jeannemcconnell@aol.com,M,MT,yvonnemccray48@gmail.com,M,M
Cottonwood Court,J,mcphailethan2008@yahoo.com,M,M
heirloom ave,
Santa Monica,S,adapa34@yahoo.com,M,M
PO Box,L,mirandaezequiel@yahoo.com,M,MM,M,M,M
A AIEA,B,mittal28@gmail.com,M,M
Greens Dr,H,michellemoncayo@gmail.com,M,M
W Fir,N,candilicious200899@yahoo.com,M,M
k st,CLINTON,heatherandhugues@yahoo.com,M,M
Seminole Trail,C,samanthamorris77@yahoo.com,M,M
orchard st,D,camillem259@gmail.com,N,
POLK ST,E,nucleardave78@gmail.com,N,
th ave,
Great Falls,G,rnewfield91@gmail.com,N,
SKYLINE DR,C,izaya421@yahoo.com,
Nicholson Jr,N,
Felosa Drive,
Bel Air,B,nicholsonr98@gmail.com,
Ortiz Colon,O,
Shiloh drive,B,ortizcolon71@gmail.com,O,
garfield ave,STEWARTSVILLE,chasityoverstreet@gmail.com,P,
Green St,S,tumblejweed@gmail.com,P,
po box,
San Francisco,S,ugreene@bridgehousing.com,P,
schoolhouse rd,S,mayrap201012@gmail.com,P,
cherry st,
Coral Gables,C,mojicajp@yahoo.com,P,
UNIVERSITY AVENUE,B,devanniapet@gmail.com,
Pineda Vanegas,P,
W scenic,S,arely@gmail.com,P,
Ashburton Ave,C,pitre1969@yahoo.com,P,
spiral creek,F,Ffmporven@gmail.com,P,
Fleming Place,I,stephyp715@gmail.com,P,
gold st,P,fpoulton@gmail.com,P,
Warren RD,C,,P,
n prospect,BARNEGAT,,R,
English Valley,BROOKLYN,rabbybdny@yahoo.com,R,
Fort Lauderdale,F,Fmsr3111@gmail.com,R,
Sage Street,CORINNA,,R,
TH ST,WILKINSBURG,elston1031@gmail.com,R,
Stephanie Ave,K,tjamesr54@gmail.com,R,
SHELDON ST,I,rippy@aol.com,R,
n Winsted,N,tinker6966@gmail.com,R,
lowell st,MCALLEN,Mjohnj67@live.com,R,
Winter Street,M,Mholylanda@aol.com,R,
goshen st,DOVER,,R,
blackburn road,O,rodriguez2822@gmail.com,R,
jones rd,C,lindasbutterfly1948@yahoo.com,R,
N Nelson,
Daytona Beach,D,babygirl39157@gmail.com,R,
maple terrace,
Deerfield Beach,D,brolegal7@hotmail.com,R,
Topton rd,
Rocky Mount,R,tomishia36@gmail.com,S,TAOS,sale@gmail.com,S,
po box,O,devinpryor21@gmail.com,S,
S US,A,samuel@yahoo.com,S,
BLACK ROCK,M,M,S,
N CAMINO,
Fort Thomas,F,Fschultz@yahoo.com,S,
HIGHLAND AVE,
SANTA FE,SANTA,ybschwaegel@hotmail.com,S,
Po box,
HAINES CITY,HAINES,bearynutty@yahoo.com,S,ELSINORE,,S,
riverbrooke trail,I,shannon@yahoo.com,S,
Jefferson at,
Los Angeles,L,patriciasidorski@yahoo.com,S,
fulton st,SENECA,bjsmithallen@gmail.com,S,
khartoum Alhambrat,
SHARON CENTER,SHARON,spsmith014@yahoo.com,S,
Light Rd,M,Mstansmith757@gmail.com,S,
Chestle Place,
NORTH HAVEN,NORTH,lynellewright@yahoo.com,S,
alsace st,M,Mthehomepros30@yahoo.com,S,
Birch side,M,Msamelove2015@yahoo.com,S,
Pelican Bay,C,rocostaggers@gmail.com,S,
crystal downs,AMARILLO,nhanguyen031@gmail.com,S,
Grove street,F,Fdakotal1711@gmail.com,S,
FRISTO RD,F
Daytona Beach,D,cashellstewart30@gmail.com,S,
Hessian Hill,CONGERS,habbu50@hotmail.com,S,
Bagota Way,
New York,N,murad8285@yahoo.com,T,
W South,
Floral Park,F,Fnrchaudhri@gmail.com,T,
meadow lane,C,taquenataylor@gmail.com,T,
S VICTORIA,
Kansas City,K,dwalla01@yahoo.com,T,
S Detroit,G,ugr001a@gmail.com,T,
Emma Lane,
Fort Lauderdale,F,Fkhyala@yahoo.com,T,
rd Dr,J,nigelekthomas@gmail.com,T,
State Road,WOODBURN,alfred1e1tickell@gmail.com,T,A,tischref@msn.com,T,
appleton ave,C,,T,
Bennets Valley,
Big Rapids,B,ckt2141@yahoo.com,T,
Elaine St,
Grand Prairie,G,cadiesade@yahoo.com,T,
co rd,
Fort Lauderdale,F,Fclydeevtreco@hotmail.com,T,
juniper bay,C,crtrimmer@aol.com,T,
rumson drive,S,jjtproductions@hotmail.com,T,
Virginia Ave,R,bmt6532@aol.com,U,
th ave,W,brannum@gmail.com,V,
Kawala Dr,B,tari40@yahoo.com,V,
Ebenezer Road,
White Plains,W,kacenav@gmail.com,W,
Mount Vernon,M,Mflyboiirong@gmail.com,
E M,W,
Fossick rd,W,swarae721@gmail.com,W,
Snapfinger Manor,
MYRTLE BEACH,MYRTLE,M,W,
Catharine St,H,dominikwashington@rocketmail.com,W,
spur rd,SACRAMENTO,christinawells43@gmail.com,W,
Filmore St,H,rweso722@gmail.com,W,
th St,W,westj691@yahoo.com,W,
myerstown rd,M,Mtikeshiakelly@gmail.com,W,
patriots point,B,woman@hotmail.com,W,
E Monroe,L,thehundreds54@gmail.com,W,
marin st,R,kdub50@myexcel.com,W,
Lake City,L,dashiaw1995@gmail.com,W,
holly street,A,ebbsofly@yahoo.com,W,
nd st,C,jworthen82@gmail.com,W,
Lancaster ave,W,mwood6416@gmail.com,W,
Hawaii Ave,
Floral Park,F,Fcloud16888@gmail.com,Z,
Ellendale Dr,H,eylaynez66@gmail.com,Z,
th ave,N,zeuswheeler@yahoo.com,A,
red cedar,N,abdulle@gmail.com,A,
Gaur Ln,
Battle Creek,B,ga@gmail.com,A,ONTARIO,sergioalarcon0012@yahoo.com,A,
W Poplar,M,Mrobtallenjr@aol.com,A,
Zerkle Rd,
San Antonio,S,bunnywunnie1985@gmail.com,A,
Main Street,
Fort Lauderdale,F,Fsalliji19@gmail.com,B,
S Post,SALYERSVILLE,jeanjean3351@yahoo.com,B,
Churchill place,
Lake Havasu,L,elusivesprt@aol.com,B,
New Bowers,
New York,N,barry@gmail.com,B,
Morris Road,V,robertbatey@yahoo.com,B,
eatondale avenue,A,sberetz7179@gmail.com,B,
n Nobel,
Battle Creek,B,dabishster@yahoo.com,B,
Carver st,P,fbore50@gmail.com,B,
van horne,WILLIMANTIC,cbouchereau01@gmail.com,B,
BOWLEYS QUARTERS,
Bel Air,B,michaelbrack7169@gmail.com,B,
Willowwood Dr,ALPHARETTA,,B,
Swearington Road,A,rrleuq07@aol.com,B,
Northampton St,
OLD SAYBROOK,OLD,jb342@aol.com,B,
Catherine St,H,brownronalod@gmail.com,B,
s fifth,N,wildwild70@gmail.com,B,
LAFLER DR,E,bruce875@rocketmail.com,C,
heritage point,S,reyes75@gmail.com,C,
WINNEBAGO RD,
Grand Prairie,G,anacanup726@yahoo.com,C,
ENGLISH AVE,A,carrm81@hotmail.com,C,
NW Baynard,EDGEMONT,jessblack2229@gmail.com,C,
Miller St,BLUFFTON,countryrebelchick18@gmail.com,C,
Maurice Ave,C,mallorycas30@gmail.com,C,
Buckeye St,D,blancacastro617@gmail.com,C,
BATTLE GROUND,BATTLE,jean@yahoo.com,C,
th st,
SPRING LAKE,SPRING,domonique@yahoo.com,C,
Kentucky Circle,
Thousand Oaks,T,rightside52@gmail.com,C,
S Calumet,
SUGAR GROVE,SUGAR,whitenybee3@gmail.com,C,
n inspiration,P,colemanmonica30@yahoo.com,C,
th street,
La Grange,L,bobc7288@yahoo.com,C,
amsterdam ave,
San Diego,S,crabbefq@gmail.com,D,
HOLLY AVE,C,edaly761@gmail.com,
De La,D,
VANN TER,W,manudelax@yahoo.com,D,
honea egypt,
New Brunswick,N,stephaniedenise3@aol.com,D,GREENVILLE,cheneydaletodddegroot@yahoo.com,D,
Pliny Rd,S,justingold196@gmail.com,D,
th avenue,
Fort Wayne,F,Fmrdonnelly21@gmail.com,D,
Alice dr,FLORENCE,Fdurant@yahoo.com,E,
S Carter,M,Msamearl17@yahoo.com,E,
Loam Dr,E,shaunaelliott91@gmail.com,
F Blum,F,F
Palm Trail,PHILADELPHIA,efb1blum@gmail.com,F,F
lavergne ave,
Bel Air,B,catfree1954@gmail.com,G,
ortega woods,FAYETTEVILLE,Fzpg11235@gmail.com,G,
Edgemere Road,R,natasha@yahoo.com,G,B,sheilagarcia755@gmail.com,G,
royal oaks,W,garcia258@live.com,G,
po box,M,Mroxyg6688@yahoo.com,G,
college Avenue,R,dgirl510@yahoo.com,G,
th Dr,MANSFIELD,Mmomjoan@aol.com,G,
Brierhill estates,COUNTRYSIDE,rollergirl3423@gmail.com,G,
th Ct,
Boynton Beach,B,juliasalvage95@hotmail.com,G,
river birth,CORONA,ashleygumm@hotmail.com,H,
Cinnamon Dr,L,stevenhall52@yahoo.com,H,
scooter lane,D,skyb1914@yahoo.com,H,
th st,F,Fjhargrove52@yahoo.com,H,
Lee Andrews,C,missjuiceee100@yahoo.com,H,
Nottingham Dr,M,Mmissangela1234@gmail.com,H,
nd St,
Fort Worth,F,Fhaynes@yahoo.com,H,
th Ave,TERRELL,mariohearn19@gmail.com,H,
New Brunswick,S,mr2al@hotmail.com,H,
Danbury Ln,
Las Vegas,L,nickndiego2913@gmail.com,I,
LEESHORE dr,A,issahnabil97@gmail.com,J,
Oklahoma City,O,jackson1@aol.com,J,
brandon hills,
Camp Hill,C,michaeljohnson059@gmail.com,J,
S ALMA,B,andrew5john@yahoo.com,J,
rd St,S,rhondajohnsonclark@gmail.com,J,
Nowhere Ave,J,villedajohnson@yahoo.com,J,
Oberline Ave,W,zackcash69@yahoo.com,J,
Pl apt,
Chicago Heights,C,joshi2005@yahoo.com,K,
S THOMPSON,N,fuzchong@hotmail.com,K,
Jefferson St,P,kennerly@aol.com,K,
betner ct,
Bel Air,B,lawrencegriffin59@gmail.com,K,
ala walua,NORFOLK,mkennett0001@yahoo.com,K,
Yellow Pine,DERBY,kumarirajnish1983@gmail.com,L,
South First,C,lassiterlaura07@yahoo.com,L,
po box,C,jlathan1@yahoo.com,L,
Starboard View,S,layrockjen@yahoo.com,L,
a cedar,N,kreyollegacygroup@gmail.com,L,
W Belle,
West Palm,W,leo16@yahoo.com,L,
sixth ave,
STUARTS DRAFT,STUARTS,amberetta79@hotmail.com,L,
Brompton Pl,PROVIDENCE,hugolopez1955@hotmail.com,L,
cross at,NASHUA,sanlu8a@hotmail.com,L,
Shipherd Falls,J,dlutz0930@hotmail.com,M,M
Northridge Dr,D,78@yahoo.com,M,M
pelican lane,VICTORIA,sarah6@gmail.com,M,M
N IOWA,D,marbury@yahoo.com,M,M
E Firth,Y,jose7432@yahoo.com,M,M
Buttercup ln,
Los Angeles,L,lmart@yahoo.com,M,M
Lake Creek,M,M,M,M
crystal ln,S,pmattair@gmail.com,M,M
Misty Crossing,N,mauldin@ymail.com,M,M
manderley way,RUMFORD,mbasil1967@yahoo.com,M,M
VAN BUREN,B,mballobajaha@gmail.com,M,M
po box,
JACKSONVILLE BEACH,JACKSONVILLE,jeannemcconnell@aol.com,M,MT,yvonnemccray48@gmail.com,M,M
Cottonwood Court,J,mcphailethan2008@yahoo.com,M,M
heirloom ave,
Santa Monica,S,adapa34@yahoo.com,M,M
PO Box,L,mirandaezequiel@yahoo.com,M,MM,M,M,M
A AIEA,B,mittal28@gmail.com,M,M
Greens Dr,H,michellemoncayo@gmail.com,M,M
W Fir,N,candilicious200899@yahoo.com,M,M
k st,CLINTON,heatherandhugues@yahoo.com,M,M
Seminole Trail,C,samanthamorris77@yahoo.com,M,M
orchard st,D,camillem259@gmail.com,N,
POLK ST,E,nucleardave78@gmail.com,N,
th ave,
Great Falls,G,rnewfield91@gmail.com,N,
SKYLINE DR,C,izaya421@yahoo.com,
Nicholson Jr,N,
Felosa Drive,
Bel Air,B,nicholsonr98@gmail.com,
Ortiz Colon,O,
Shiloh drive,B,ortizcolon71@gmail.com,O,
garfield ave,STEWARTSVILLE,chasityoverstreet@gmail.com,P,
Green St,S,tumblejweed@gmail.com,P,
po box,
San Francisco,S,ugreene@bridgehousing.com,P,
schoolhouse rd,S,mayrap201012@gmail.com,P,
cherry st,
Coral Gables,C,mojicajp@yahoo.com,P,
UNIVERSITY AVENUE,B,devanniapet@gmail.com,
Pineda Vanegas,P,
W scenic,S,arely@gmail.com,P,
Ashburton Ave,C,pitre1969@yahoo.com,P,
spiral creek,F,Ffmporven@gmail.com,P,
Fleming Place,I,stephyp715@gmail.com,P,
gold st,P,fpoulton@gmail.com,P,
Warren RD,C,,P,
n prospect,BARNEGAT,,R,
English Valley,BROOKLYN,rabbybdny@yahoo.com,R,
Fort Lauderdale,F,Fmsr3111@gmail.com,R,
Sage Street,CORINNA,,R,
TH ST,WILKINSBURG,elston1031@gmail.com,R,
Stephanie Ave,K,tjamesr54@gmail.com,R,
SHELDON ST,I,rippy@aol.com,R,
n Winsted,N,tinker6966@gmail.com,R,
lowell st,MCALLEN,Mjohnj67@live.com,R,
Winter Street,M,Mholylanda@aol.com,R,
goshen st,DOVER,,R,
blackburn road,O,rodriguez2822@gmail.com,R,
jones rd,C,lindasbutterfly1948@yahoo.com,R,
N Nelson,
Daytona Beach,D,babygirl39157@gmail.com,R,
maple terrace,
Deerfield Beach,D,brolegal7@hotmail.com,R,
Topton rd,
Rocky Mount,R,tomishia36@gmail.com,S,TAOS,sale@gmail.com,S,
po box,O,devinpryor21@gmail.com,S,
S US,A,samuel@yahoo.com,S,
BLACK ROCK,M,M,S,
N CAMINO,
Fort Thomas,F,Fschultz@yahoo.com,S,
HIGHLAND AVE,
SANTA FE,SANTA,ybschwaegel@hotmail.com,S,
Po box,
HAINES CITY,HAINES,bearynutty@yahoo.com,S,ELSINORE,,S,
riverbrooke trail,I,shannon@yahoo.com,S,
Jefferson at,
Los Angeles,L,patriciasidorski@yahoo.com,S,
fulton st,SENECA,bjsmithallen@gmail.com,S,
khartoum Alhambrat,
SHARON CENTER,SHARON,spsmith014@yahoo.com,S,
Light Rd,M,Mstansmith757@gmail.com,S,
Chestle Place,
NORTH HAVEN,NORTH,lynellewright@yahoo.com,S,
alsace st,M,Mthehomepros30@yahoo.com,S,
Birch side,M,Msamelove2015@yahoo.com,S,
Pelican Bay,C,rocostaggers@gmail.com,S,
crystal downs,AMARILLO,nhanguyen031@gmail.com,S,
Grove street,F,Fdakotal1711@gmail.com,S,
FRISTO RD,F
Daytona Beach,D,cashellstewart30@gmail.com,S,
Hessian Hill,CONGERS,habbu50@hotmail.com,S,
Bagota Way,
New York,N,murad8285@yahoo.com,T,
W South,
Floral Park,F,Fnrchaudhri@gmail.com,T,
meadow lane,C,taquenataylor@gmail.com,T,
S VICTORIA,
Kansas City,K,dwalla01@yahoo.com,T,
S Detroit,G,ugr001a@gmail.com,T,
Emma Lane,
Fort Lauderdale,F,Fkhyala@yahoo.com,T,
rd Dr,J,nigelekthomas@gmail.com,T,
State Road,WOODBURN,alfred1e1tickell@gmail.com,T,A,tischref@msn.com,T,
appleton ave,C,,T,
Bennets Valley,
Big Rapids,B,ckt2141@yahoo.com,T,
Elaine St,
Grand Prairie,G,cadiesade@yahoo.com,T,
co rd,
Fort Lauderdale,F,Fclydeevtreco@hotmail.com,T,
juniper bay,C,crtrimmer@aol.com,T,
rumson drive,S,jjtproductions@hotmail.com,T,
Virginia Ave,R,bmt6532@aol.com,U,
th ave,W,brannum@gmail.com,V,
Kawala Dr,B,tari40@yahoo.com,V,
Ebenezer Road,
White Plains,W,kacenav@gmail.com,W,
Mount Vernon,M,Mflyboiirong@gmail.com,
E M,W,
Fossick rd,W,swarae721@gmail.com,W,
Snapfinger Manor,
MYRTLE BEACH,MYRTLE,M,W,
Catharine St,H,dominikwashington@rocketmail.com,W,
spur rd,SACRAMENTO,christinawells43@gmail.com,W,
Filmore St,H,rweso722@gmail.com,W,
th St,W,westj691@yahoo.com,W,
myerstown rd,M,Mtikeshiakelly@gmail.com,W,
patriots point,B,woman@hotmail.com,W,
E Monroe,L,thehundreds54@gmail.com,W,
marin st,R,kdub50@myexcel.com,W,
Lake City,L,dashiaw1995@gmail.com,W,
holly street,A,ebbsofly@yahoo.com,W,
nd st,C,jworthen82@gmail.com,W,
Lancaster ave,W,mwood6416@gmail.com,W,
Hawaii Ave,
Floral Park,F,Fcloud16888@gmail.com,Z,
Ellendale Dr,H,eylaynez66@gmail.com,Z,
th ave,N,zeuswheeler@yahoo.com,

 red cedar,
 Gaur Ln,
 W Poplar,
 Zerkle Rd,
 Main Street,
 S Post,
 Churchill place,
 Havasu City,
 New Bowers,
 Morris Road,
 eatondale avenue,
 n Nobel,
 Carver st,
 van horne,
 BOWLEYS QUARTERS,
 Willowwood Dr,
 Swearington Road,
 Northampton St,
 Catherine St,
 s fifth,
 LAFLER DR,
 heritage point,
 WINNEBAGO RD,
 ENGLISH AVE,
 NW Baynard,
 Miller St,
 Maurice Ave,
 Buckeye St,
 Kentucky Circle,
 S Calumet,
 n inspiration,
 amsterdam ave,
 HOLLY AVE,
 La Cueva,
 VANN TER,
 honea egypt,
 Pliny Rd,
 avenue Flushing,
 Alice dr,
 S Carter,
 Loam Dr,
 Palm Trail,
 lavergne ave,
 Edgemere Road,
 royal oaks,
 college Avenue,
 Dr SE,
 Brierhill estates,
 river birth,
 Cinnamon Dr,
 scooter lane,
 th st,
 Lee Andrews,
 Nottingham Dr,
 New Brunswick,
 Danbury Ln,
 LEESHORE dr,
 brandon hills,
 S ALMA,
 Nowhere Ave,
 Oberline Ave,
 Pl apt,
 S THOMPSON,
 Jefferson St,
 betner ct,
 ala walua,
 Yellow Pine,
 South First,
 Starboard View,
 cedar st,
 W Belle,
 Palm Beach,
 sixth ave,
 Brompton Pl,
 cross at,
 Shipherd Falls,
 Northridge Dr,
 pelican lane,
 N IOWA,
 E Firth,
 Buttercup ln,
 Creek Prwy,
 crystal ln,
 Misty Crossing,
 manderley way,
 VAN BUREN,
 upper darby,
 Cottonwood Court,
 heirloom ave,
 AIEA KAI,
 Greens Dr,
 W Fir,
 k st,
 Seminole Trail,
 POLK ST,
 ave dunnellon,
 SKYLINE DR,
 Felosa Drive,
 Shiloh drive,
 ave C,
 Green St,
 schoolhouse rd,
 st marquette,
 UNIVERSITY AVENUE,
 W scenic,
 Ashburton Ave,
 spiral creek,
 Fleming Place,
 gold st,
 Warren RD,
 n prospect,
 English Valley,
 Sage Street,
 ST APT,
 Stephanie Ave,
 SHELDON ST,
 n Winsted,
 lowell st,
 goshen st,
 blackburn road,
 jones rd,
 N Nelson,
 maple terrace,
 Topton rd,
 S US,
 BLACK ROCK,
 N CAMINO,
 HIGHLAND AVE,
 riverbrooke trail,
 Jefferson at,
 fulton st,
 khartoum Alhambrat,
 Light Rd,
 Chestle Place,
 alsace st,
 side Cir,
 Pelican Bay,
 downs lane,
 Grove street,
 Hessian Hill,
 Bagota Way,
 W South,
 meadow lane,
 S VICTORIA,
 S Detroit,
 Emma Lane,
 State Road,
 appleton ave,
 Bennets Valley,
 Elaine St,
 co rd,
 juniper bay,
 rumson drive,
 Virginia Ave,
 Kawala Dr,
 Ebenezer Road,
 E M,M
 Fossick rd,
 Snapfinger Manor,
 Catharine St,
 spur rd,
 Filmore St,
 myerstown rd,
 patriots point,
 E Monroe,
 marin st,
 holly street,
 st apt,
 Lancaster ave,
 Hawaii Ave,
 Ellendale Dr,
 red cedar,
 Gaur Ln,
 W Poplar,
 Zerkle Rd,
 Main Street,
 S Post,
 Churchill place,
 Havasu City,
 New Bowers,
 Morris Road,
 eatondale avenue,
 n Nobel,
 Carver st,
 van horne,
 BOWLEYS QUARTERS,
 Willowwood Dr,
 Swearington Road,
 Northampton St,
 Catherine St,
 s fifth,
 LAFLER DR,
 heritage point,
 WINNEBAGO RD,
 ENGLISH AVE,
 NW Baynard,
 Miller St,
 Maurice Ave,
 Buckeye St,
 Kentucky Circle,
 S Calumet,
 n inspiration,
 amsterdam ave,
 HOLLY AVE,
 La Cueva,
 VANN TER,
 honea egypt,
 Pliny Rd,
 avenue Flushing,
 Alice dr,
 S Carter,
 Loam Dr,
 Palm Trail,
 lavergne ave,
 Edgemere Road,
 royal oaks,
 college Avenue,
 Dr SE,
 Brierhill estates,
 river birth,
 Cinnamon Dr,
 scooter lane,
 th st,
 Lee Andrews,
 Nottingham Dr,
 New Brunswick,
 Danbury Ln,
 LEESHORE dr,
 brandon hills,
 S ALMA,
 Nowhere Ave,
 Oberline Ave,
 Pl apt,
 S THOMPSON,
 Jefferson St,
 betner ct,
 ala walua,
 Yellow Pine,
 South First,
 Starboard View,
 cedar st,
 W Belle,
 Palm Beach,
 sixth ave,
 Brompton Pl,
 cross at,
 Shipherd Falls,
 Northridge Dr,
 pelican lane,
 N IOWA,
 E Firth,
 Buttercup ln,
 Creek Prwy,
 crystal ln,
 Misty Crossing,
 manderley way,
 VAN BUREN,
 upper darby,
 Cottonwood Court,
 heirloom ave,
 AIEA KAI,
 Greens Dr,
 W Fir,
 k st,
 Seminole Trail,
 POLK ST,
 ave dunnellon,
 SKYLINE DR,
 Felosa Drive,
 Shiloh drive,
 ave C,
 Green St,
 schoolhouse rd,
 st marquette,
 UNIVERSITY AVENUE,
 W scenic,
 Ashburton Ave,
 spiral creek,
 Fleming Place,
 gold st,
 Warren RD,
 n prospect,
 English Valley,
 Sage Street,
 ST APT,
 Stephanie Ave,
 SHELDON ST,
 n Winsted,
 lowell st,
 goshen st,
 blackburn road,
 jones rd,
 N Nelson,
 maple terrace,
 Topton rd,
 S US,
 BLACK ROCK,
 N CAMINO,
 HIGHLAND AVE,
 riverbrooke trail,
 Jefferson at,
 fulton st,
 khartoum Alhambrat,
 Light Rd,
 Chestle Place,
 alsace st,
 side Cir,
 Pelican Bay,
 downs lane,
 Grove street,
 Hessian Hill,
 Bagota Way,
 W South,
 meadow lane,
 S VICTORIA,
 S Detroit,
 Emma Lane,
 State Road,
 appleton ave,
 Bennets Valley,
 Elaine St,
 co rd,
 juniper bay,
 rumson drive,
 Virginia Ave,
 Kawala Dr,
 Ebenezer Road,
 E M,M
 Fossick rd,
 Snapfinger Manor,
 Catharine St,
 spur rd,
 Filmore St,
 myerstown rd,
 patriots point,
 E Monroe,
 marin st,
 holly street,
 st apt,
 Lancaster ave,
 Hawaii Ave,
 Ellendale Dr,
