name,email,state,phone,timezone,gender,
Adrian Fernandez,ball7789@gmail.com,CA,(661) 375-9199,PST,M
Tarek Jandali,18@hotmail.com,CA,(657) 278-2011,PST,
Ariel Hodge,arielhodge94@yahoo.com,CA,(626) 357-4397,PST,M
Fadi Jazrawi,Ffsr@yahoo.com,CA,(619) 277-1799,PST,M
Shameia Shepherd,shameiatshepherd@yahoo.com,CA,(510) 395-3714,PST,F
Danielle Ontiveros,allenhl68@yahoo.com,CA,(424) 250-0449,PST,F
Adam Lang,xan@nokiamail.com,CA,(408) 568-8320,PST,M
Jackson Lemming,jackson24@yahoo.com,CA,(323) 546-7564,PST,M
Jorge Cruz,syke4200@yahoo.com,CA,(323) 401-9114,PST,M
Gabriela Oliveros,bitzzz444@yahoo.com,CA,(310) 835-5208,PST,F
Gregory Kormos,grekor77@gmail.com,CA,(310) 346-7667,PST,M
Lan Pham,lanthanhtao@gmail.com,CA,(213) 361-2658,PST,F
David Brionez,davebrionez50@gmail.com,CA,(209) 495-4049,PST,M
Barbara Rady,barbaraann510@yahoo.com,CA,(209) 339-1116,PST,F
Johnny Johnson,johnnyots88@gmail.com,NM,(575) 414-9525,MST,M
Shirin Shelly,shellyshirin90@yahoo.com,AZ,(602) 475-8650,MST,F
Tim Vollette,vollette2458@hotmail.com,AZ,(602) 993-7362,MST,M
Michela Spikes,Mfoxlittle61@gmail.com,UT,(801) 330-6117,MST,M
Mauricio Villa,Mmhvv88@gmail.com,NM,(505) 999-7541,MST,F
Erica Burgos,monseerica@gmail.com,NM,(505) 459-4370,MST,F
Norton Blackeagle,nezperce81@mail.com,ID,(208) 451-6265,MST,M
James Neuenschwander,rjn469@icloud.com,CO,(970) 275-1489,MST,M
Donna Obryant,donnaobryant1973@hotmail.com,CO,(719) 481-1115,MST,F
Stu Wright,swright@wkre.com,CO,(303) 888-1679,MST,M
Michael Marcham,Mmarcham@hotmail.com,AZ,(928) 978-2722,MST,M
Starla Ford,starlaford21@gmail.com,AZ,(928) 246-1707,MST,M
Donald Stone,pebblesrock64@gmail.com,AZ,(602) 931-6403,MST,M
Alexander Matlock,alexlukematlock@msn.com,AZ,(602) 314-6566,MST,M
Janeie Payne,paynejaneie@yahoo.com,ND,(701) 680-1237,CST,M
Shawn King,king@gmail.com,WI,(414) 573-9666,CST,M
Brandy Herron,brandyg6673@yahoo.com,TX,(817) 629-1462,CST,F
Sharon Johnson,sharonjohnson09@ymail.com,TX,(469) 583-0221,CST,F
Terri Lepard,terrilepard4@gmail.com,TN,(901) 482-6804,CST,F
Toni Burch,toniburch0859@yahoo.com,MS,(601) 741-3835,CST,F
Darnice Palmer,darnice@yahoo.com,MO,(573) 559-2225,CST,F
Fatima Kelly,Ffatimakelly86@yahoo.com,LA,(225) 371-9847,CST,F
Sampson Essex,sampsonessex2@yahoo.com,IL,(773) 905-4462,CST,F
Tommy Guinn,guinn610@gmail.com,AR,(870) 677-0733,CST,M
Bernard Maiden,bm@gmail.com,AL,(334) 315-8063,CST,M
Jomarious Finley,finleyjomarious79@gmail.com,AL,(334) 750-4375,CST,
Debra Blake,blake183@yahoo.com,AL,(334) 526-1827,CST,F
Randall Medsker,randysmedsker@yahoo.com,WI,(920) 484-8152,CST,M
Keondre Porter,,WI,(715) 627-6373,CST,M
Serena Nketcha,serenalove02@live.com,WI,(414) 442-8451,CST,F
Anthony Johnson,johnsontres@aol.com,WI,(414) 375-8703,CST,M
Olga Duran,olgaduran1@gmail.com,TX,(972) 997-6406,CST,F
Evelyn Monk,kahuna92@netzero.com,TX,(972) 366-1869,CST,F
Elionora Paz,elihurtado1989@yahoo.com,TX,(956) 353-8674,CST,F
Angela Copeland,angicope@gmail.com,TX,(903) 748-0058,CST,F
Cassandra Thompson,cassadrat96@alo.com,TX,(832) 889-7492,CST,F
Virginia Malone,vwmalone@yahoo.com,TX,(817) 763-8128,CST,F
Alex Webster,adwebster78@yahoo.com,TX,(817) 204-4607,CST,M
Charlie Gooden,charliegooden81@gmail.com,TX,(713) 631-6144,CST,M
Cassaundra Brooks,cassbrooks1964@hotmail.com,TX,(713) 330-6800,CST,M
Rick Alvarado,rickintexas5@gmail.com,TX,(682) 224-3077,CST,M
Crystsl Yisuf,mercy81693@hotmail.com,TX,(469) 338-7543,CST,F
Debbie Daws,ddaws2410@gmail.com,TX,(409) 454-3023,CST,F
Terry Maritz,tmaritz@yahoo.com,TX,(281) 907-2763,CST,M
Carven Caufield,caufield@yahoo.com,TX,(254) 349-5388,CST,M
Joy Bagley,joybagley0519@gmail.com,TX,(214) 951-6797,CST,F
Danielle Gallion,gallion79@gmail.com,TX,(214) 861-6944,CST,F
Steve Wooters,rcjr8888@gmail.com,TX,(214) 415-8210,CST,M
Arsenio Hardin,arseniohardin@ymail.com,TX,(210) 420-9558,CST,M
Derrick Passley,25@gmail.com,TN,(931) 306-2080,CST,M
Jj Caldwell,lmtfao@gmail.com,TN,(901) 314-6926,CST,
Cristy Reed,crstyreed3276@gmail.com,TN,(901) 216-2561,CST,F
Melinda Quisenberry,Mmelindaquisenberry@gamail.com,TN,(731) 415-6700,CST,F
Garey Johnson,gareyjohnson@gmail.com,TN,(615) 496-0687,CST,M
Janice Harris,buesing@rocketmail.com,SD,(605) 759-5572,CST,F
Tina Norris,tinanorris71@hotmail.com,OK,(918) 899-6081,CST,F
Thomas Race,thomasrace@gmail.com,OK,(580) 585-8530,CST,M
Martez Haynes,Mcrazytez88@gmail.com,OK,(405) 549-8408,CST,F
Dave Cathey,augemaster007@yahoo.com,OK,(405) 380-3747,CST,M
Matthew Davis,Mmattbob80baby@gmail.com,OK,(405) 200-9636,CST,M
Joan Saar,bodaoh1@gmail.com,NE,(402) 679-1825,CST,F
Chris Salt,cs@hotmail.com,NE,(308) 746-0427,CST,M
Dave Powers,ibcnuok@gmail.com,ND,(701) 656-9533,CST,M
Almeda Luckey,almeluc@aol.com,MS,(662) 515-5479,CST,F
Carl Nelson,carlnelson371@yahoo.com,MS,(601) 835-4338,CST,M
Karen Butler,karenbutler985@gmail.com,MS,(601) 669-2160,CST,F
Kurt Myrick,myrick55@gmail.com,MS,(601) 259-1895,CST,M
Jamie Francingues,mrsfrancingues122309@gmail.com,MS,(228) 860-0976,CST,M
Shanna Gant,gant70@gmail.com,MO,(816) 277-6115,CST,F
Ryan Richardson,richyrr89@yahoo.com,MO,(573) 694-6452,CST,M
Sara Swisloski,sswisloski@yahoo.com,MO,(417) 840-2089,CST,F
Nik Zara,cfabears58@gmail.com,MO,(314) 562-4022,CST,
Steve Swindle,steverswindle@gmail.com,MO,(314) 303-8713,CST,M
Michael Heitz,Mmichaelheitz03@gmail.com,MN,(952) 261-3525,CST,M
Richard Campbell,camp@gmail.com,MN,(651) 895-6720,CST,M
Crystal Buss,crystal@yahoo.com,MN,(507) 370-7392,CST,F
Alice Humphrey,aliceh232@gmail.com,LA,(504) 717-5429,CST,F
Darlene Flatt,,LA,(337) 837-5824,CST,F
Crystal Swafford,andrewhazlett19@yahoo.com,KY,(859) 628-3202,CST,F
Cynthia Mccracken,candn1052005@email.com,KY,(859) 319-5265,CST,F
Linda Ruckel,lakenrae@hotmail.com,KY,(606) 416-2715,CST,F
Autumn Yates,fourseasons0464@gmail.com,KY,(502) 422-0464,CST,F
Sandra Smith,916@yahoo.com,KY,(270) 734-0003,CST,F
Tammy Roberts,angelafackler@hotmail.com,KY,(270) 485-2812,CST,F
Curtis Hayden,hydncurtis@aol.com,KY,(270) 302-8537,CST,M
Michelle Correll,Mredwhitegmc@hotmail.com,KS,(785) 220-2791,CST,F
Christina Miller,kslzaobsatzj@hotmail.com,IL,(815) 935-2691,CST,F
Angela Phillips,angieo4179@gmail.com,IL,(815) 216-1075,CST,F
Yaritza Lopez,yaridenise15@yahoo.com,IL,(773) 877-9954,CST,
Elizabeth Kimber,ekimber20@gmail.com,IL,(773) 512-6817,CST,F
Stephanie Velez,svelez1922@gmail.com,IL,(773) 441-3254,CST,F
Jordell Smith,jordellsmith1027@yahoo.com,IL,(708) 503-9154,CST,M
Kevon Cooper,kevoncooper123@yahoo.com,IL,(630) 815-1727,CST,F
John Felver,johnfelver@gmail.com,IL,(224) 392-2741,CST,M
Martin Carrell,Mcarrell@live.com,IL,(217) 316-9983,CST,M
Jim Simpson,jimgiles78@yahoo.com,IA,(515) 306-8718,CST,M
Joel Washok,joelwashok@gmail.com,AR,(501) 326-8393,CST,M
Kaylen Bulger,kaylenherndon@gmail.com,AL,(334) 275-5984,CST,F
Taconya Smoots,taconyasmoots@gmail.com,AL,(251) 643-5710,CST,F
Harold Harris,davidllyons@msn.com,AL,(205) 631-3367,CST,M
Glenda Mason,divabutterfly957@gmail.com,WV,(304) 695-1688,EST,F
Bryon Gravely,gravelybryon@gmail.com,PA,(267) 582-8677,EST,F
Scott Stastny,gannsl@yahoo.com,PA,(610) 433-2380,EST,M
William Lewis,lewiswilliam300@yahoo.com,OH,(740) 814-4293,EST,M
Oral Bell,oralbell87@gmail.com,NY,(347) 445-3123,EST,M
Anthony Golden,agbanks84@gmail.com,NY,(347) 819-6383,EST,M
Leticia Nunez,leticiaable@gmail.com,NY,(347) 577-6727,EST,
Rashada Jones,jones@yahoo.com,NJ,(609) 225-2215,EST,M
Julia Cardona,lilbluehugz13@gmail.com,NJ,(856) 882-9682,EST,F
Migel Hernandez,Mmahernandez738@gmail.com,NC,(252) 814-7144,EST,M
Jeffery Underwood,jefferyunderwood123@yahoo.com,MI,(517) 612-5471,EST,M
Mario Contreras,Mfafmb3777@hotmail.com,MA,(508) 933-1193,EST,M
David ennik,davidennik@gmail.com,IN,(260) 227-1442,EST,
Carol Kerby,jeancarol1945@gmail.com,IN,(812) 697-7074,EST,F
Jada Henry,jabog16@gmail.com,GA,(678) 467-5837,EST,F
Shauna Henry,shaunahenry36@gmail.com,FL,(727) 520-2099,EST,F
Jb Livi,kdba1008@yahoo.com,FL,(321) 212-8673,EST,M
Angel Clemente,tuangel8006@live.com,FL,(786) 709-8006,EST,F
Sonia Mojica,soniamojica77@gmail.com,CT,(203) 953-4756,EST,F
Kevin Swagger,swaggerfamily56@gmail.com,WV,(304) 552-5274,EST,M
Karen Pauley,karenpauley123@gmail.com,WV,(304) 395-7291,EST,F
Brenda Bennett,bfaye1958@yahoo.com,VA,(804) 852-5218,EST,F
Franklin Rich,Ffrankdogg1234@gmail.com,VA,(804) 238-3543,EST,M
Cecilia Johnson,johnson@gmail.com,VA,(757) 635-3631,EST,F
Miles Winterhalter,Mmaw0001@hotmail.com,VA,(703) 745-2831,EST,M
Donald Lane,lane2dl@hotmail.com,VA,(571) 338-7386,EST,M
Bob Markus,69@yahoo.com,VA,(540) 551-5167,EST,M
Donald Newman,myboysdrewnnate@hotmail.com,VA,(276) 870-0963,EST,M
Sheila Price,price@emeraldis.com,SC,(864) 992-0120,EST,F
Cutna Gaddist,cutinalowery@gmail.com,SC,(843) 330-8142,EST,F
Ivan Sanchez,elmo12345@ymail.com,SC,(843) 303-2855,EST,M
Michelle James,Mkiataco60@yahoo.com,SC,(803) 718-1828,EST,F
Sylvia Green,sylviagreen84@gmail.com,SC,(803) 542-6659,EST,F
Donovan Dwire,bubbylhs@yahoo.com,PA,(724) 396-3311,EST,M
Eli Peachey,peacheyeli0@gmail.com,PA,(717) 953-7639,EST,M
Ronald Cumor,rcumor@aol.com,PA,(717) 683-6103,EST,M
Ron Presswood,peelsbrother1300@gmail.com,PA,(610) 441-3811,EST,M
John Rouse,phillyguru@hotmail.com,PA,(570) 872-6871,EST,M
June Montalvo,junes3boys@gmail.com,PA,(570) 817-0402,EST,F
Nickoletta Siciliano,nickolettasiciliano@gmail.com,PA,(570) 263-3590,EST,M
Sharon Shankeiler,wwwshankweilersharon@yahoo.com,PA,(484) 554-7986,EST,F
Gary Peters,gpgoracing384@msn.com,PA,(484) 239-4713,EST,M
Edmund Mottershead,edmundm215@gmail.com,PA,(267) 579-7233,EST,M
Jose r,raydogg725@gmail.com,PA,(267) 319-0002,EST,
Kevin Foster,misfit6swpsheridan@gmail.com,PA,(215) 738-5441,EST,M
Rhonda Riggins,rhondabelser16@hotmail.com,PA,(215) 613-8420,EST,F
Kierra Gorham,kierragorham@yahoo.com,OH,(937) 751-0021,EST,M
Nicole Fogle,kidscoupons@aol.com,OH,(937) 516-9413,EST,F
Kayden Dew,kadedew@hotmail.com,OH,(740) 982-2391,EST,F
Eric Mayle,emayle76@yahoo.com,OH,(740) 554-7929,EST,M
Ashley Corry,ac43108@gmail.com,OH,(614) 556-7342,EST,F
Amy Gassner,pcs@yahoo.com,OH,(567) 224-9498,EST,F
Michael Britain,Mvance1022@yahoo.com,OH,(513) 365-4411,EST,M
Michael Robyck,Mmrobyck@gmail.com,OH,(419) 944-6758,EST,M
Linda Lutz,willyblossom12@yahoo.com,OH,(419) 561-1427,EST,F
Jeffrey Farmer,jenboo36@gmail.com,OH,(419) 203-8631,EST,M
Mina Timmons,Mminabird1969@gmail.com,OH,(330) 383-6386,EST,F
Guadalupe Cruz,lupitac1216@hotmail.com,NY,(917) 554-9303,EST,F
Johnny Green,johnnybird1260@aol.com,NY,(914) 413-1441,EST,M
Renold Peter,jhblackberry@hotmail.com,NY,(718) 488-9872,EST,F
Richard Incorvaia,graphiteblue@aol.com,NY,(716) 886-0645,EST,M
Eugene Frett,ewg252@gmail.com,NY,(716) 279-9181,EST,M
Dawn Molinari,allisonharran@yahoo.com,NY,(631) 484-3787,EST,F
Brandy Felker,brandy@hotmail.com,NY,(607) 684-3644,EST,F
Anna Bell,shaffer06@gmail.com,NY,(585) 427-7823,EST,F
Herb Spencer,abestie@yahoo.com,NY,(518) 429-3060,EST,M
Vitarosa Scardino,rosascar113@aol.com,NY,(516) 410-3749,EST,F
Jose Mursia,wuelstudio@gmail.com,NY,(347) 933-0081,EST,M
Cherolene Fergus,69@hotmail.com,NY,(347) 512-3625,EST,
Ricardo Creary,rcreary40@gmail.com,NY,(347) 252-7844,EST,M
Jacqueline Espinosa,jacxz@live.com,NY,(212) 222-9284,EST,F
Terry Martin,catfelix008@yahoo.com,NJ,(973) 482-5750,EST,M
Lilia Romero,roli@yahoo.com,NJ,(908) 220-2309,EST,F
Kirby Green,kirbc4@gmail.com,NJ,(862) 201-7696,EST,M
Matt Derrickson,Mderricksonmatt@yahoo.com,NJ,(609) 230-0988,EST,M
Adam Heikal,hekaladam@yahoo.com,NJ,(201) 440-6660,EST,M
Art Ackerman,ph@gmail.com,NH,(603) 785-5245,EST,M
Rejane Baggio,alvinheath@yahoo.com,NH,(603) 228-3190,EST,M
Mike Johnson,Mteamjacobftfw@gmail.com,NC,(919) 671-3663,EST,M
Rosa Urias,uriasm70@gmail.com,NC,(919) 200-8052,EST,F
Mariana Cepeda,Mmycrocks9801@gmail.com,NC,(910) 339-8939,EST,F
Carol Boulware,calanne7878@yahoo.com,NC,(828) 527-3401,EST,F
Melisha Bennett,Mmelishamab123@gmail.com,NC,(704) 777-1813,EST,M
Jarius Morehead,moreheadjarius@yahoo.com,NC,(336) 935-5264,EST,F
Aaron Hough,ahough50@yahoo.com,NC,(336) 686-5695,EST,M
Bill Cozart,billcozart797@muchomail.com,NC,(252) 243-3960,EST,M
Clayton Stimmer,stimmerc@yahoo.com,MI,(989) 350-3209,EST,M
Gary Mcnutt,garymcnutt1@msn.com,MI,(810) 217-2614,EST,M
Tooba Noor,toobanoor88@gmail.com,MI,(734) 708-0909,EST,F
Nicole Lederman,nlederman24@hotmail.com,MI,(586) 850-1286,EST,F
Toya Walker,t21redd@yahoo.com,MI,(586) 443-0397,EST,F
Craig Rager,rager42cr@gmail.com,MI,(517) 212-5700,EST,M
Mattie Rivers,Mmrmgoball@aol.com,MI,(313) 864-6461,EST,F
Astrid Preston,astridgabriellejones@yahoo.com,MI,(269) 357-3321,EST,F
Steve Burrow,hopperman6@gmail.com,MI,(248) 881-7301,EST,M
Mike Arce,Mscspoelm@aol.com,MI,(248) 330-3525,EST,M
Alan Clark,al73clark@hotmail.com,MI,(231) 313-2519,EST,M
Bonie Fleury,grammyb07@aol.com,ME,(207) 784-9968,EST,M
Ashley Brennan,cabinbabe18@aol.com,MD,(443) 508-1674,EST,F
Jerry Wilson,closer2mydreams5@gmail.com,MD,(443) 214-0310,EST,M
Nonya Biznes,rayraylorden@yahoo.com,MD,(410) 456-6995,EST,M
Zion Williams,williams19@yahoo.com,MD,(301) 935-2962,EST,M
Tammy Greenspan,tammygreenspan@insursolution.com,MD,(301) 775-7353,EST,F
Keith Griffin,lilawsome10@gmail.com,MD,(301) 547-5100,EST,M
Fred Twum,Ffredtwumyeboah@gmail.com,MD,(240) 863-2790,EST,M
Arlene Leon,zoieszone@gmail.com,MD,(240) 462-6487,EST,F
Christian Antillon,agus2178@gmail.com,MA,(857) 258-1089,EST,M
Eddy Vicioso,eddynj052000@yahoo.com,MA,(413) 504-9547,EST,M
Alicia Fortune,aliciafortune13@yahoo.com,IN,(812) 917-2002,EST,F
Kent Little,little@yahoo.com,IN,(812) 566-0014,EST,M
Wynona Lane,wnlane0001@yahoo.com,IN,(765) 356-3031,EST,F
Tammy James,james@gmail.com,IN,(574) 326-3438,EST,F
Terrance Hooks,kimoutlaw45@yahoo.com,IN,(317) 809-0852,EST,M
Charlotte Craig,charlottecraig44@yahoo.com,IN,(260) 745-6340,EST,F
Marie Leonhardt,Mmarieleonhardt@yahoo.com,IN,(219) 730-7709,EST,F
Lee Kendall,kendallpetie@yahoo.com,GA,(912) 585-4863,EST,M
Orlonzo Winston,orlonzowinston@hotmail.com,GA,(770) 689-7830,EST,M
Cristine Little,jc2000@yahoo.com,GA,(706) 910-4179,EST,F
Shekitha Henderson,sckeke@gmail.com,GA,(678) 886-3314,EST,M
Shandra Hammonds,shandrahammonds7@gmail.com,GA,(678) 682-5611,EST,F
Willehado Guzman,romancostco@yahoo.com,GA,(404) 908-3089,EST,F
Frederic Robinson,Ffcrrealtor@mindspring.com,GA,(404) 518-4573,EST,M
Chanel Jimenez,jimenez05@gmail.com,GA,(404) 246-1202,EST,F
Sherika Dasher,dasher@yahoo.com,GA,(229) 507-1009,EST,F
Marcus Mathis,Mmarcusmathis63@yahoo.com,GA,(229) 268-1760,EST,M
Carla Furmanek,carlafurmanek@yahoo.com,FL,(954) 325-0387,EST,F
Joshua Pilkinton,greekgodjosh@gmail.com,FL,(904) 383-8900,EST,M
Brenda Rodriguez,jesus1brenda21@yahoo.com,FL,(863) 448-6881,EST,F
Marcus Deloach,Mmanthony123@outlook.com,FL,(850) 332-4714,EST,M
Marlon Diaz,Mlilsista97@gmail.com,FL,(813) 917-7508,EST,M
Thomas Yeager,leosaco48@yahoo.com,FL,(813) 401-3699,EST,M
Clifton Bernardin,youngslider89@yahoo.com,FL,(786) 326-8845,EST,M
Terry Walker,twalker1@yahoo.com,FL,(786) 239-5220,EST,M
James Collins,dreamcollins43@uahoo.com,FL,(754) 367-1671,EST,M
Lois Bedgood,antnan54@hotmail.com,FL,(727) 593-3072,EST,F
James Sheldon,jimsheldon12@gmail.com,FL,(727) 492-1481,EST,M
Rhenda Potts,lovinme247@gmail.com,CA,(661) 200-8566,PST,
Arevalo Jorge,jorgearevalo08@yahoo.com,CA,(626) 419-2793,PST,
Jeniffer Caladiai,19jenny79@gmail.com,CA,(619) 987-2392,PST,
Chris Huston,remingtonshooter88@gmail.com,CA,(530) 514-2865,PST,
Loretta Howard,64rance@gmail.com,CA,(510) 342-8080,PST,
Allen Lam,allenhl68@yahoo.com,CA,(415) 233-2266,PST,M
Delia Fernandez,CA,(323) 810-7468,PST,F
Ernest Mendoza,shokr1211@gmail.com,CA,(323) 439-4369,PST,M
Tom Shelley,tsczrich@gmail.com,CA,(310) 892-8640,PST,M
Richard Mccauley,rmccauley4@roadrunner.com,CA,(310) 395-0357,PST,M
Kaifeng Yin,scarfair1986@gmail.com,CA,(213) 509-1719,PST,
Angela Lopez,anglopez209@hotmail.com,CA,(209) 679-3303,PST,F
Carol Baranski,jackerlove89@gmail.com,CA,(209) 394-4321,PST,F
Rylie Jenkins,ryliejenkins@yahoo.com,CA,(907) 903-0839,PST,F
Thomas Beylik,contravercialthomas@outlook.com,NM,(970) 712-7572,MST,M
David Wolfenbarger,dawolf1320008@live.com,AZ,(602) 614-0715,MST,M
Jaclyn Merriam,jaclynmathome@yahoo.com,AZ,(801) 637-3534,MST,F
Todd Hart,twas45@icloud.com,UT,(385) 244-9098,MST,
Cindy Segura,cindyboo87507@yahoo.com,NM,(505) 920-6947,MST,
Burgos medina,robinpalin@yahoo.com,NM,(406) 546-5576,MST,M
Ismael Lucero,2069lucero@gmail.com,ID,(970) 305-0337,MST,M
Babby icy,rebamay1@hotmail.com,CO,(720) 208-6853,MST,
Kimberly Mendivil,mendivils4ever@gmail.com,CO,(719) 213-4067,MST,F
Linda Stripling,lstripling@lwwlaw.com,CO,(303) 699-3352,MST,F
Betsy Lee,betsyle25@gmail.com,AZ,(928) 594-0236,MST,F
Dale Young,nvtvusa@yahoo.com,AZ,(623) 556-6700,MST,
John Slay,jslay79@gmail.com,AZ,(602) 849-9678,MST,M
Darrell Lockhart,darrelllockhart@gmsil.com,AZ,(414) 837-1692,MST,M
Alex Huettl,huettl92@gmail.com,ND,(920) 851-6616,CST,
Ruby Louis,ruby.louis@ymail.com,WI,(214) 780-6641,CST,F
Rhonda Toy,toyrhonda50@gmail.com,TX,(832) 417-3181,CST,F
Nievitas Garcia,nievitasgr@gmail.com,TX,(956) 570-2617,CST,
Darryl Harrison,darrylharrison58@gmail.com,TN,(405) 589-2092,CST,M
Autumn Melcher,MS,(601) 441-9341,CST,F
Latasha Williams,williams.latasha@rocketmail.com,MO,(763) 412-2137,CST,
Geavonni Trotter,geavonnitrotter@gmail.com,LA,(502) 265-8068,CST,
Christine Loesel,cloesel6@gmail.com,IL,(319) 202-7082,CST,
Richard Bailey,rrickybtheone1.rb@gmail.com,AR,(251) 648-6396,CST,M
Ladetra Grayson,ladetragrayson@ymail.com,AL,(251) 767-7612,CST,
Ieshia Ferrell,div4619@gmail.com,AL,(334) 401-9607,CST,
Joshua Savanh,savanhr@yahoo.com,AL,(920) 918-1105,CST,M
Tong Lee,WI,(920) 254-0779,CST,
Gary Itten,nilWI,(608) 798-3133,CST,
Robert Hauner,r92-s58-p72-s43@hotmail.com,WI,(414) 434-9780,CST,M
Loria Mcgrew,malibulm@yahoo.com,WI,(979) 575-7184,CST,
Roshundra Robinson,roshundrar@gmail.com,TX,(972) 793-2042,CST,
Laqunna Jackson,laqunnajackson0584@gmail.com,TX,(956) 827-8927,CST,
Angelica Lara,angelicabradley14@gmail.com,TX,(940) 923-9017,CST,
Jason Swindell,jasonswindell20@gmail.com,TX,(903) 284-7148,CST,M
Eleazar Martinez,eleazaemartinwz73@yahoo.com,TX,(817) 784-5678,CST,M
Jarvis Conner,jdconner1326@yahoo.com,TX,(817) 717-0898,CST,M
Davida Grant,ayanadunn24@gmail.com,TX,(806) 444-7811,CST,F
Ray Adams,juray1115@aol.com,TX,(713) 591-4978,CST,M
William Briggs,briggsbilly59@yahoo.com,TX,(682) 323-6222,CST,
Cassandra Guebara,cassguebara26@yahoo.com,TX,(575) 317-0021,CST,F
Dorothy Cheatum,dcheatum1@aol.com,TX,(430) 342-3619,CST,
Kathy Greer,greerstar@aol.com,TX,(409) 330-7166,CST,F
Calvin Miller,okietweakerbynight@gmail.com,TX,(281) 883-7523,CST,M
Kevin Jeter,listeria@gmail.com,TX,(214) 962-6718,CST,
Laportia Estell,laportiaestell@rocketmail.com,TX,(214) 900-6683,CST,
Linda Terrones,nilTX,(214) 854-7395,CST,F
Roberto Cavazos,rcjr8888@gmail.com,TX,(214) 556-7301,CST,M
Bill Castanon,billcastanon@yahoo.com,TX,(210) 305-0172,CST,
Anonios Deal,jdsnovacane@aol.com,TN,(931) 237-4412,CST,
Resheta Croom,reshetam@gmail.com,TN,(901) 288-9872,CST,
Kenwanye Williams,kenwanyewilliams@yahoo.com,TN,(731) 501-6541,CST,
Kevin Transou,transou38@gmail.com,TN,(731) 343-4254,CST,M
Wanda Garland,TN,(423) 943-9312,CST,F
Lavae High,ndlhighelk@hotmail.com,SD,(605) 200-9019,CST,
Lloyd Hunter,lhg.hunter@gmail.com,OK,(918) 225-1101,CST,M
Ronald King,kingronald615@yahoo.com,OK,(405) 881-8314,CST,M
Vickie Huskisson,nilOK,(405) 410-1335,CST,
Tamra Williams,tamra.williams@rovketmail.com,OK,(405) 320-8230,CST,F
Beverly Teselle,bevte@excite.com,OK,(402) 761-2082,CST,F
Bob Owen,bodaoh1@gmail.com,NE,(308) 750-1516,CST,M
Terry Shearer,cheesehead7458@gmail.com,NE,(308) 379-2708,CST,M
Deborah Mccool,debtommccool@gmail.com,ND,(662) 614-3666,CST,F
Bridget Holdiness,2bholdiness@gmail.com,MS,(662) 361-2806,CST,
Nelson jr,wsmithwillsm@aol.com,MS,(601) 810-5249,CST,M
Richard Cloyd,richardcloyd78@yahoo.com,MS,(601) 470-6311,CST,M
Chasityleigh Weier,chasity.comeaux@gmail.com,MS,(228) 990-7152,CST,
Elecia Rembert,rembertelecia@hotmail.com,MS,(228) 217-8768,CST,
Russ Jackson,rjackson@russjacksontransportation.com,MO,(636) 234-6800,CST,M
Darren Lay,diamond52859@gmail.com,MO,(573) 434-1934,CST,M
Jimmy l,nilMO,(314) 775-5659,CST,
Nakeilya Carter,nakeilyacarter@mail.com,MO,(314) 397-2906,CST,
Salina Raymer,salinaraymer@yahoo.com,MO,(314) 288-6900,CST,
Nicholas Rickard,nicholasrickard1989@gmail.com,MN,(763) 670-3847,CST,M
Rebecca Peckels,drrebecca@lpwellness.com,MN,(612) 501-6587,CST,F
Shanasia Graham,shanasiabooboo@yahoo.com,MN,(504) 875-4569,CST,
Dennis Andrews,dlandrews81@yahoo.com,LA,(504) 286-8257,CST,M
Brandi Parker,nilLA,(225) 288-5656,CST,F
Martha Day,marthaday56@yahoo.com,KY,(859) 582-8082,CST,F
Crystal Wheeler,wheelerc77@gmail.com,KY,(606) 686-1158,CST,F
James Smith,nilKY,(502) 599-9033,CST,M
Suzanne Totten,fitzmorgansmom@gmail.com,KY,(502) 226-0839,CST,F
Andrew Sanderson,KY,(270) 719-0441,CST,M
Angela Fackler,angelafackler@hotmail.com,KY,(270) 422-3415,CST,F
Stacey Webster,stacey.webster79@yahoo.com,KY,(785) 608-9894,CST,F
Arturo Alegria,aalegria87@yahoo.com,KS,(847) 372-0932,CST,
Johnny Morris,jmodirtyempire@gmail.com,IL,(815) 876-6989,CST,M
Randy Papineau,nilIL,(815) 210-6753,CST,M
Kiesha Ates,ateskiesha@yahoo.com,IL,(773) 824-0132,CST,
Dionne Davis,dionnedavis31@yahoo.com,IL,(773) 443-6066,CST,F
Dick Sirk,mpitej@gmail.com,IL,(708) 583-0726,CST,M
Paul Buckley,pbmaxn@yahoo.com,IL,(708) 408-1804,CST,
Marilyn Lane,IL,(312) 890-5845,CST,
Linda Binnicker,lgbinnicker7@gmail.com,IL,(217) 424-0680,CST,F
Allisha Davis,akdavis1983@hotmail.com,IL,(712) 209-3695,CST,
Carolyn j,cjchumley@yahoo.com,IA,(501) 827-4878,CST,
Reynard Christain,slyfox36109@gmail.com,AR,(334) 303-5907,CST,M
Amanda Knighten,babyg123102@gmail.com,AL,(256) 777-8763,CST,
Katherine Griffin,griff048@gmail.com,AL,(205) 792-9142,CST,
David Lyons,davidllyons@msn.com,AL,(516) 377-4235,CST,M
Lahquan Johnson,lahquanj@yahoo.com,WV,(267) 303-3758,EST,
Leona Johnson,ogradylady1956@yahoo.com,PA,(570) 250-1667,EST,
Lisa Ganns,gannsl@yahoo.com,PA,(610) 685-2358,EST,F
Sharon Monie,nesmon22@hotmail.com,OH,(937) 610-8986,EST,F
Diana Augustin,keisha.augustin@gmail.com,NY,(347) 785-7026,EST,F
Golden banks,quana.ws@icloud.com,NY,(347) 552-0985,EST,F
Debora Morgan,deboramorgan59@yahoo.com,NY,(716) 948-7259,EST,
Pedro Romero,perome661@hotmail.com,NJ,(201) 952-3187,EST,
Robert Stimpson,rstimpsn@yahoo.com,NJ,(336) 995-4160,EST,M
Paul Zimmerman,paulzimmerman60@yahoo.com,NC,(704) 398-4467,EST,
Brian Avery,tenfrog2002@yahoo.com,MI,(508) 579-5204,EST,M
Ernesto Brens,MA,(978) 420-5790,EST,M
ennik Bretbeileraaolco,tbooga@icloud.com,IN,(812) 449-1141,EST,
Davetta Davis,IN,(912) 432-5263,EST,
Chloe Cason,vivalaburks@gmail.com,GA,(678) 887-0149,EST,F
Joel Mitchen,joel.mitchen@aol.com,FL,(954) 531-0405,EST,M
William Parks,bparks56@gmail.com,FL,(561) 557-1144,EST,
Jason West,shawncollins7014@yahoo.com,FL,(727) 851-2856,EST,M
Taylor Zeigler,tayzig@gmail.com,CT,(304) 615-9446,EST,M
Jaime Canterbury,jcanterbury29@gmail.com,WV,(304) 541-9439,EST,M
Susan Martin,tinkm@frontier.com,WV,(304) 213-0004,EST,F
Hui Rong,hrong99@yahoo.com,VA,(804) 393-9911,EST,
Svetlana Kambich,nilVA,(757) 650-8069,EST,F
Janika Blackmon,janika.blackmon@yahoo.com,VA,(757) 256-7047,EST,
Amy Fries,cloverbrookestable@gmail.com,VA,(571) 505-1438,EST,F
Vincent Bouie,nilVA,(540) 562-0671,EST,M
Keisha Payne,keishapayne29@gmail.com,VA,(434) 229-7899,EST,F
Robert Suiter,xonix689@yahoo.com,VA,(276) 728-6295,EST,M
Bianca Attles,attles57@gmail.com,SC,(843) 343-1850,EST,F
Trina Polite,lotria@aol.com,SC,(843) 303-5285,EST,
Furman Williams,furman0219@gmail.com,SC,(843) 276-4047,EST,
Pam Burns,pamandjerryburns@yahoo.com,SC,(803) 634-0987,EST,F
Christine Furyesz,cmbush2237@gmail.com,SC,(814) 449-2563,EST,F
Elyse Lipovsky,lipovskyelyse@yahoo.com,PA,(724) 328-1306,EST,F
Scott Stevens,PA,(717) 818-8111,EST,M
James Calhoun,cjimbota2@aol.com,PA,(717) 542-9458,EST,M
Andrew Bogdanski,earlinenashnen@yahoo.com,PA,(610) 390-4795,EST,M
Keith Bauer,nilPA,(570) 865-6088,EST,M
Ron Beiler,roncb6@gmail.com,PA,(570) 541-5061,EST,M
Donald Cook,dfcook47@gmail.com,PA,(570) 223-3320,EST,
Lynn Harrison,lynnmarie162@gmail.com,PA,(484) 431-3639,EST,F
Sanda Yerkovic,oxsandaxo@aol.com,PA,(267) 970-4744,EST,
Robert Hillegas,lilhilly44jr@gmail.com,PA,(267) 424-1515,EST,M
r Robledo,idydavila98@gmail.com,PA,(215) 971-6634,EST,
Michael Sheridan,misfit6swpsheridan@gmail.com,PA,(215) 681-5804,EST,M
Ashley Fey,nilPA,(215) 551-8218,EST,F
Logan Adams,aslj21@yahoo.com,OH,(937) 570-3211,EST,
Susan Heisler,susanh3337@yahoo.com,OH,(937) 275-9233,EST,F
Beth Kellner,OH,(740) 975-2988,EST,
Eduardo Padilla,eap2j@hotmail.com,OH,(614) 598-5385,EST,M
Eddie Laramore,laramore97@gmail.com,OH,(614) 295-4866,EST,M
Dustin Ronto,dustinjronto@hotmail.com,OH,(513) 424-3894,EST,M
Rich Johnston,vance1022@yahoo.com,OH,(440) 320-6388,EST,M
Tahsyn Oak,tahsingazwi@gmail.com,OH,(419) 754-9666,EST,
Jill Quellhorst,jquellhorst@msn.com,OH,(419) 230-3447,EST,F
Jenny Davis,jenboo36@gmail.com,OH,(330) 564-7218,EST,F
Gregory Morris,gregorymorris1145@gmail.com,OH,(216) 235-1919,EST,M
Maureen Donohue,nilNY,(914) 476-5087,EST,F
Aurea Miranda,a.miranda31@hotmail.com,NY,(718) 873-7474,EST,
Alisha Lien,cammyboo213@yahoo.com,NY,(718) 225-0620,EST,
Joseph Bottita,josephbottita@ymail.com,NY,(716) 622-8290,EST,M
Brittany Okeefe,okeefebritt@yahoo.com,NY,(631) 654-4558,EST,F
Allison Harran,allisonharran@yahoo.com,NY,(631) 422-7147,EST,F
Shaun Metcalfe,jan0604@hotmail.com,NY,(585) 905-1182,EST,M
Carlos Carrillo,tkcarlos1538@gmail.com,NY,(518) 632-6045,EST,M
Aura Vasquez,k.abestie@yahoo.com,NY,(516) 840-0148,EST,
Denise Latimore,nilNY,(347) 961-0166,EST,
Henry Villafane,yunghens@aol.com,NY,(347) 552-5534,EST,M
Denean Southerland,deneansoutherland3950@gmail.com,NY,(347) 351-3110,EST,
Jones Phillips,NY,(347) 228-6874,EST,
Carolyn Sherry,carolynsherry157@gmail.com,NY,(973) 628-8146,EST,F
Denise Brucato,nilNJ,(908) 482-9235,EST,F
Justin Min,panthersonly@hotmail.com,NJ,(732) 664-2914,EST,M
Josue Torres,musicmaster251@gmail.com,NJ,(609) 233-4545,EST,M
Marie Schilling,rere93056@gmail.com,NJ,(201) 906-2979,EST,F
Eva Cullen,cullen693@yahoo.com,NJ,(603) 841-6731,EST,F
Patricia Hall,pdhall.ph@gmail.com,NH,(603) 455-4070,EST,F
Alvin Heath,alvinheath@yahoo.com,NH,(919) 938-1585,EST,
Robert Keller,omyohio@aol.com,NC,(919) 453-1668,EST,M
William White,whitelightphoenix@gmail.com,NC,(910) 640-9080,EST,M
Teresa Fulp,jasdan8684@gmail.com,NC,(910) 206-2264,EST,F
Amber Johnson,accjohnson1111@gmail.com,NC,(828) 261-6910,EST,F
Paul Schmidt,paults60@yahoo.com,NC,(704) 713-1434,EST,
Joann Burnette,nilNC,(336) 926-1025,EST,
Marvin Johnson,marvinjohnson1971@icloud.com,NC,(252) 406-3921,EST,M
Larry Ertman,larryertman@yahoo.com,NC,(989) 424-1683,EST,M
Homer Colclasure,tnyooper1@aol.com,MI,(906) 885-5072,EST,M
Tom Campbell,nilMI,(734) 771-2418,EST,M
Heather Snyder,hanasanimations14@gmail.com,MI,(616) 669-7298,EST,
Michael Allen,mich4691@yahoo.com,MI,(586) 698-2532,EST,M
Cindy Tagg,taggcindy@gmail.com,MI,(586) 212-2303,EST,F
Ntonifor Fube,fube99@yahoo.com,MI,(313) 978-1375,EST,
Jack Dunigan,jad49007.jd@gmail.com,MI,(269) 359-2226,EST,M
Antoinette Gibson,antoinettegbsn@yahoo.com,MI,(269) 214-7392,EST,F
Eric James,hopperman6@gmail.com,MI,(248) 747-1859,EST,M
Carissa Spoelman,scspoelm@aol.com,MI,(231) 740-0667,EST,F
Jordan Mcguire,jordanmcguire14@yahoo.com,MI,(231) 312-0433,EST,M
Henry Hermani,guyhermani@yahoo.com,ME,(207) 379-2508,EST,
Joyce Potemkin,nilMD,(443) 280-3341,EST,F
Brenton Scott,brentonscott72@yahoo.com,MD,(410) 485-4360,EST,
Joseph Burke,burkejr5@yahoo.com,MD,(301) 938-7170,EST,
Stephen Bean,spbean13@hotmail.com,MD,(301) 802-5462,EST,M
Ameba Pigg,tatiana.kassem@hotmail.com,MD,(301) 628-7045,EST,
Ann Gantt,nilMD,(240) 925-9873,EST,F
Twum yeboah,raregraces@gmail.com,MD,(240) 705-2572,EST,F
Kevin Koen,nilMD,(978) 273-6684,EST,M
Melissa Moore,mellysail@gmail.com,MA,(774) 823-0202,EST,F
John Fiester,blastninja16@yahoo.com,MA,(413) 267-9273,EST,M
Tristan Gentile,guyfox90@live.com,IN,(812) 786-7057,EST,M
Ruo Mou,rmou922@gmail.com,IN,(765) 409-5520,EST,
Claude Gunter,wizardoc@yahoo.com,IN,(574) 361-1782,EST,M
Elizabeth Keller,nilIN,(317) 945-4030,EST,F
Kim Outlaw,kimoutlaw45@yahoo.com,IN,(260) 797-8258,EST,F
Brenden Fulk,fulkbrenden@yahoo.com,IN,(260) 242-1372,EST,
Thomas Washington,thomaswashington36@yahoo.com,IN,(912) 661-6246,EST,M
Louise Thomas,nerahaqapeh@hotmail.com,GA,(770) 971-7009,EST,F
Harriet Reynolds,nilGA,(770) 374-7555,EST,F
Piper Johnson,pipetheper@hotmail.com,GA,(706) 219-3201,EST,
Mike Wilson,fhuznuts@gmail.com,GA,(678) 697-6344,EST,
Desiree Green,dgreen7483@gmail.com,GA,(404) 938-1704,EST,F
Cynthia Kilgore,cynthiakilgore73@yahoo.com,GA,(404) 552-1744,EST,
Curtis Bailey,bsileycurtis1@yahoo.com,GA,(404) 246-7123,EST,
Chris Wooden,chrislwooden@yahoo.com,GA,(229) 942-7252,EST,M
Patricia Cato,pacato@gmail.com,GA,(229) 445-3166,EST,
Orville Wright,jhonjhonjhon57@gmail.com,GA,(954) 667-2650,EST,M
Paulette Porter,nilFL,(904) 477-1826,EST,F
Robin Jones,mrshonesty355@yahoo.com,FL,(904) 219-6646,EST,M
Kennedy Jones,luccie2k26@yahoo.com,FL,(850) 408-8364,EST,M
Mayra Davila,mayradavila20@gmail.com,FL,(813) 965-6783,EST,
Jaydean Robinson,lilsista97@gmail.com,FL,(813) 545-6096,EST,
Leo Saco,leosaco48@yahoo.com,FL,(786) 525-1236,EST,M
Sean Freygang,seancre@ymail.com,FL,(786) 239-6988,EST,M
Alexis Koontz,alexiskoontz@yahoo.com,FL,(772) 567-3459,EST,F
Val Evariste,ms.evariste@gmail.com,FL,(754) 204-3687,EST,F
Nanette Alander,antnan54@hotmail.com,FL,(727) 580-0879,EST,F
Pat Eimers,p-eimers@hotmail.com,FL,(727) 488-2288,EST,F