FirstName,LastName,City,State,Zipcode,Phone,Email,DateRecieved,
Jun 21 - 2015,
Julie,Adair,Fresno,CA,93721,5599055713,,Jun 21 - 2015,
Judel,Adrien,Fort,FL,33306,9548171163,jadrien09@internet.com,Jun 21 - 2015,
Carla,Aguilar,Los,CA,94022,6505181567,caraguilar90@yahoo.com,Jun 21 - 2015,
Isamar,Aleman,Phoenix,AZ,85003,6236283268,alemanisamar@gmail.com,Jun 21 - 2015,
Maheena,Ali,Houston,TX,77002,8324707459,maherna.alia@gmail.com,Jun 21 - 2015,
Jonathan,Alicea,Port,FL,33952,9412862248,jonathanalicea7@gmail.com,Jun 21 - 2015,
Vivian,Alvarez,Phoenix,AZ,85003,6232585526,vivian.c.alvarez@hotmail.com,Jun 21 - 2015,
Krista,Anderson,MABANK,MA,75147,9038022318,hoopskrista@yahoo.com,Jun 21 - 2015,
Natasha,Anderson,Houston,TX,77002,2819797988,lady61984@yahoo.com,Jun 21 - 2015,
Daniela,Arriola,Lancaster,CA,93535,6619742176,daniela.blandon@hotmail.com,Jun 21 - 2015,
Katerina,Aunese,FT,FT,85255,4804716051,talaese@hotmail.com,Jun 21 - 2015,
Ashley,Banks,Grand,TX,75051,8173239943,ashley95@yahoo.com,Jun 21 - 2015,
Shonte,Barksdale,Reidsville,NC,27320,3363444261,shonte302@gmail.com,Jun 21 - 2015,
Barrier,Barrier,Yuma,AZ,85364,9287827260,jackbarrier@gmail.com,Jun 21 - 2015,
Chaquila,Baskin,Newport,VA,23608,7575094331,millie757@gmail.com,Jun 21 - 2015,
Elizabeth,Batliner,Escondido,CA,92025,7607056992,bohemedarling@gmail.com,Jun 21 - 2015,
Carol,Bibbs,Las,NV,89101,7029987654,carolb@gmail.com,Jun 21 - 2015,
Jaime,Blott,Tuolumne,CA,95379,2093521495,jaimeblott@yahoo.com,Jun 21 - 2015,
Gavin,Blunkall,WINONA,WI,65588,5736040291,blunkall@hotmail.com,Jun 21 - 2015,
Erika,Bocanegra,Homestead,FL,33030,7863498750,walton07@yahoo.com,Jun 21 - 2015,
Erika,Bonner,Casa,AZ,85222,5202512565,erickabonner93@gmail.com,Jun 21 - 2015,
Cynthia,Burrus,Greenville,NC,27834,2523530643,burrusc@gmail.com,Jun 21 - 2015,
Rosa,Cabrera,Lakeland,FL,33801,8633979762,rosa.crkko@lfxmail.com,Jun 21 - 2015,
Manuel,Caceres,N,MI,33137,3059151750,manuel.caceres001@gmail.com,Jun 21 - 2015,
Terry,Caffee,Tallahassee,FL,32301,8504919786,terrycaffee69@gmail.com,Jun 21 - 2015,
Susan,Calhoun,Riverside,CA,92501,9518261744,calhoun7399@yahoo.com,Jun 21 - 2015,
Robert,Casares,Phoenix,AZ,85003,6232778830,robcas1980.rc@gmail.com,Jun 21 - 2015,
Gloria,Chartier,Las,NV,89101,7024084931,143@yahoo.com,Jun 21 - 2015,
Khalid,Chowdhry,Los,CA,90071,2139728636,khc555@yahoo.com,Jun 21 - 2015,
Rolando,Cisneros,AVON,AV,33825,8633996032,rolandocisneros442@yahoo.com,Jun 21 - 2015,
Susan,Clark,Tampa,FL,33634,8134079802,sdesendi1995@gmail.com,Jun 21 - 2015,
Pamela,Clay,Deerfield,FL,33441,9542343387,pamelaclay26@gmail.com,Jun 21 - 2015,
Jacob,Cobler,Yreka,CA,96097,5305989022,jacobcobler@gmail.com,Jun 21 - 2015,
Michael,Corral,San,CA,92101,6198711206,001@yahoo.com,Jun 21 - 2015,
Ayesha,Coxon,Winter,FL,32789,4079607576,acoxon1274@gmail.com,Jun 21 - 2015,
Lillian,Curtiss,Phoenix,AZ,85003,4803101515,lilliancurtiss@msn.com,Jun 21 - 2015,
Kelvin,D,RALEIGH,RA,27560,9194001512,kelvinharris919@gmail.com,Jun 21 - 2015,
Demetrius,Davis,Mooresville,NC,28115,7042304006,queencocoa19@yahoo.com,Jun 21 - 2015,
Jasmine,Diggs,High,NC,27260,3368471488,jasminediggs12@yahoo.com,Jun 21 - 2015,
Josefina,Dilday,Hampton,VA,23669,7577224804,josefinadilday@hotmail.com,Jun 21 - 2015,
Tashauna,Dupree,Los,CA,90046,3239448480,tashaunadupree@yahoo.com,Jun 21 - 2015,
Dane,Elderkin,Phoenix,AZ,85003,4806004104,ueafa18@gmail.com,Jun 21 - 2015,
Patricia,Elliott,Greensboro,NC,27403,3362922254,patricia.elliott@ralphlauren.com,Jun 21 - 2015,
Shane,Evans,San,CA,92101,6198499319,shaneevans810@gmail.com,Jun 21 - 2015,
Michael,Falls,Charlotte,NC,28209,7046157674,athensct@gmail.com,Jun 21 - 2015,
Mary Anne,Farrow,PRITCHETT,PR,75644,9037345042,43@hotmail.com,Jun 21 - 2015,
Joseph,Fatigoni,Phoenix,AZ,85003,6024358831,joefatigoni@gmail.com,Jun 21 - 2015,
Pamelia,Fesperman,NEW,NE,28562,2526365873,pkfesperman@gmail.com,Jun 21 - 2015,
Selenda,Fields,Phoenix,AZ,85003,6024592425,selendafields@gmail.com,Jun 21 - 2015,
Christopher,Finley,High,NC,27260,3368040140,cjfinley3195@gmail.com,Jun 21 - 2015,
Rose,Gapasin,Yuma,AZ,85364,9285804591,rgapasin@msn.com,Jun 21 - 2015,
Gene,Garguilo,Ontario,CA,91761,9099238621,actuator007@yahoo.com,Jun 21 - 2015,
Jontavis,Giddins,Blue,MO,64015,8166551697,jontavisdiontae@yahoo.com,Jun 21 - 2015,
Valerie,Green,Riverside,CA,92504,9517807806,valeriejgreen@aol.com,Jun 21 - 2015,
Brandi,Greenage,JOPLIN,JO,64801,4176222856,brandih75109@gmail.com,Jun 21 - 2015,
Sylvia,Hairston,WINSTON,WI,27107,3369260819,sylviahairston15@gmail.com,Jun 21 - 2015,
Jane,Halston,Orlando,FL,32801,4074979068,jhayes875@gmail.com,Jun 21 - 2015,
Gayle,Hamett,CHULA,CH,92010,6197219986,sisoffire@yahoo.com,Jun 21 - 2015,
Feroza,Hanif,Oakland,CA,94621,5107980051,fhbebe@gmail.com,Jun 21 - 2015,
Letisha,Harris,Alameda,CA,94501,5102396301,mrs.ttwilliams17@gmail.com,Jun 21 - 2015,
Emiy,Hawk,Benicia,CA,94510,7077719748,hawkemily13@yahoo.com,Jun 21 - 2015,
Susan,Irving,PETERSBURG,PE,23803,8047202597,susanpirving@gmail.com,Jun 21 - 2015,
Sonya,Jackson,Lakeland,FL,33801,8639401978,lamark0316@gmail.com,Jun 21 - 2015,
Willette,Jenkins,Las,NV,89101,7024636885,,Jun 21 - 2015,
Zackery,Johnson,UNION,UN,9088845271,vikingzac1@gmail.com,Jun 21 - 2015,
Phil,Jones,El,TX,79901,9152612317,plj0942@gmail.com,Jun 21 - 2015,
Joshua,Kelley,HERNDON,HE,22070,5714717641,joshua.kelley107@gmail.com,Jun 21 - 2015,
Dawn,Kirby,Phoenix,AZ,85003,6026897809,dkirby63@yahoo.com,Jun 21 - 2015,
Patsy,Lassiter,CELINA,CE,75009,9723822894,lassiter@live.com,Jun 21 - 2015,
Susan,Lathrop,Willow,MO,65793,4174692002,,Jun 21 - 2015,
Shawn,Latino,Saint,MO,63130,3147272210,,Jun 21 - 2015,
Suzette,Leverock,Brooksville,FL,34601,3523457192,nyredneck69@yahoo.com,Jun 21 - 2015,
Johnny,Ligons,WINSTON,WI,27107,3367825985,johnny.ligons@yahoo.com,Jun 21 - 2015,
Treva,Lile,Arvin,CA,93203,6615570950,lile@yahoo.com,Jun 21 - 2015,
Kimberly,M,San,CA,92410,9092770106,kimberlykoerber8967@gmail.com,Jun 21 - 2015,
Pedro,Maldonado,TOMS,TO,8483335437,pedro1117@live.com,Jun 21 - 2015,
Adela,Mancera,BASTROP,BA,78602,5129994726,adelamancera1992@gmail.com,Jun 21 - 2015,
Kassondra,Marie,Phoenix,AZ,85003,4804357727,kmh1276@gmail.com,Jun 21 - 2015,
Pelara,Martin,CLIFTON,CL,85533,9282920462,martin@yahoo.com,Jun 21 - 2015,
James,Martinez,Bell,CA,90201,3236279962,,Jun 21 - 2015,
Shae,Maxwell,GREENSBORO,GR,27409,3369881131,lyrical.prodigy.shae@gmail.com,Jun 21 - 2015,
Robert,Mcbean,Fort,FL,33306,9545942589,llmsrobertmcbean@gmail.com,Jun 21 - 2015,
Kijana,Mcclinton,Fayetteville,NC,28301,9105512912,kijanamcclinton7@gmail.com,Jun 21 - 2015,
Rashawn,Mccune,PRINCESS,PR,23456,7573683266,blessings4srmkc@yahoo.com,Jun 21 - 2015,
Robert,Mcnair,JACKSONVILLE,JA,32250,9048819937,tmcnair648rm@gmail.com,Jun 21 - 2015,
Martha,Mctear,Defuniak,FL,32435,8503336262,marthamctear@yahoo.com,Jun 21 - 2015,
Debbie,Meehan,TUBAC,TU,85640,5204036690,debm109@gmail.com,Jun 21 - 2015,
Kimberly,Melton,St,FL,33701,7278514269,cupcakedream33@gmail.com,Jun 21 - 2015,
Evangelina,Mendoza,Phoenix,AZ,85003,6028034986,eva.mendoza20@gmail.com,Jun 21 - 2015,
Diana,Mendoza,El,TX,79901,9153099285,pmjazz24@yahoo.com,Jun 21 - 2015,
Gwendolyn,Mikes,Bradenton,FL,34207,9417736258,lovelysongbird333@yahoo.com,Jun 21 - 2015,
Sharon,Miller,MIDDLETOWN,MI,7322750435,detente007@gmail.com,Jun 21 - 2015,
Kagome,Miller,Las,NV,89101,7023396496,one4work@yahoo.com,Jun 21 - 2015,
Crista,Mills,Fresno,CA,93721,5593174861,willyoubme@gmail.com,Jun 21 - 2015,
Jessie,Moore,Richmond,VA,23234,8044412324,jamzlulu@gmail.com,Jun 21 - 2015,
Ed,Moreno,Eureka,CA,95501,7076729221,1833surfreport@gmail.com,Jun 21 - 2015,
Rosy,Munjal,TRENTON,TR,6098155051,rosymunjal@yahoo.com,Jun 21 - 2015,
Alesa,Murdock,Desoto,TX,75115,9727484381,alesamurdock36@gmail.com,Jun 21 - 2015,
Jr,Nagora,BUSHNELL,BU,33513,3528156544,tonyn19@live.com,Jun 21 - 2015,
Linda,Nanney,San,TX,78219,2108541744,linda.nanney00@gmail.com,Jun 21 - 2015,
Heather,Nicole,Charlotte,NC,28209,7042932241,heatherwilliams31@yahoo.com,Jun 21 - 2015,
Julia,Njau,Fenton,MO,63026,3146629949,jwnjau125@gmail.com,Jun 21 - 2015,
Tara,Nolan,HACKENSACK,HA,2013902921,tarakevin05@gmail.com,Jun 21 - 2015,
Burcin,Oksay,CHULA,CH,92010,6197216636,burcinoksay@gmail.com,Jun 21 - 2015,
Albert M,Osborn,Sedona,AZ,86336,9282540010,poob209@gmail.com,Jun 21 - 2015,
Wesley,Overcash,CULPEPER,CU,22701,5408277008,wao95@yahoo.com,Jun 21 - 2015,
Hugo,Padilla,Turlock,CA,95380,2094108874,hugoturlock@aol.com,Jun 21 - 2015,
Cameron,Parks,Spring,TX,77386,2812107833,htowncam42@yahoo.com,Jun 21 - 2015,
Jonathon,Perrin,TUBAC,TU,85640,5203493426,jperrin2469@gmail.com,Jun 21 - 2015,
Teresa,Pockalnik,Van,CA,91405,8184533587,hugatree90@gmail.com,Jun 21 - 2015,
Ryan,Polenz,Las,NV,89101,7024662899,ryanpolenzrypo@outlook.com,Jun 21 - 2015,
Jacquie,Poort,Lake,AZ,86403,9288554672,jschei4050@aol.com,Jun 21 - 2015,
Roger,Powell,Durham,NC,27705,9193990760,pp27574@yahoo.com,Jun 21 - 2015,
Nicole,Rasmussen,Pomona,CA,91766,9097206789,nfink14@hotmail.com,Jun 21 - 2015,
Makayla,Rayko,Lake,FL,32830,4075669884,makaylarayko@me.com,Jun 21 - 2015,
Tony,Reid,Fayetteville,NC,28307,9104956393,reidtony870@yahoo.com,Jun 21 - 2015,
Jeanne-monique,Renois,Fort,FL,34950,7726720820,madochelove@gmail.com,Jun 21 - 2015,
Matt,Reynolds,Long,CA,90802,5629003443,reynoldsmatt124@gmail.com,Jun 21 - 2015,
Gloria,Ridener,Flat,MO,63601,5734545792,gloria@yahoo.com,Jun 21 - 2015,
Monica,Rihm,HESPERIA,HE,92345,7609981379,searchmemon@hotmail.com,Jun 21 - 2015,
Michael,Robertson,Los,CA,90022,3235148486,michaelrobertson1958@gmail.com,Jun 21 - 2015,
Sonya,Rowland,Sanford,NC,27330,9193568486,skbolin30@gmail.com,Jun 21 - 2015,
San Juanita,Saenz,PHARR,PH,78577,9567844897,cripple1967@yahoo.com,Jun 21 - 2015,
Tracy,Saliani,New,NJ,9738182575,tracysaliani23@gmail.com,Jun 21 - 2015,
Mimi,Samuel,Long,CA,90802,5625079103,mimimsamuel81@yahoo.com,Jun 21 - 2015,
Hope,Sceal,Eustis,FL,32726,3526360886,hopevbanks24@yahoo.com,Jun 21 - 2015,
William,Schales,Houston,TX,77002,8322751240,schales@outlook.com,Jun 21 - 2015,
Ray,Schurr,New,FL,34652,7275052572,rhschurr@gmail.com,Jun 21 - 2015,
Cheyenne,Scully,Las,NV,89101,7025026135,cheyennegray377@yahoo.com,Jun 21 - 2015,
Michetti,Sebenick,Las,NV,89101,7024175483,valeriesebenick@yahoo.com,Jun 21 - 2015,
David,Sendecki,TOMS,TO,7323304782,davidsendecki75@icloud.com,Jun 21 - 2015,
Vanessa,Serritiello,Deerfield,FL,33441,9548999873,vcsh81@hotmail.com,Jun 21 - 2015,
Bansari,Shah,New,NJ,7326901027,bansari10@gmail.com,Jun 21 - 2015,
Melissa,Southern,Las,NV,89101,7028096097,missiandree69@gmail.com,Jun 21 - 2015,
Lana,Starner,Fresno,CA,93721,5593135486,montana@yahoo.com,Jun 21 - 2015,
James,Stewart,WINSTON,WI,27107,3368178678,stewartjames911@gmail.com,Jun 21 - 2015,
Shane,Strickland,CASTAIC,CA,91310,6613736968,sevilleftv@yahoo.com,Jun 21 - 2015,
Rj,Stringa,GREENSBORO,GR,27405,3363586094,stringacoup@gmail.com,Jun 21 - 2015,
Ebony,Symone,Lynchburg,VA,24504,4344268071,ecalloway93@gmail.com,Jun 21 - 2015,
Keandra,Tailer,Bristol,VA,24209,2762851335,kewanda1@gmail.com,Jun 21 - 2015,
Christina,Talley,Phoenix,AZ,85003,4808617379,christinatalley760@yahoo.com,Jun 21 - 2015,
Brianna,Tavares,Kissimmee,FL,34741,4074339031,xzombree@gmail.com,Jun 21 - 2015,
Brianne,Thompson,Oceanside,CA,92054,7605768892,thenurseisherenow@gmail.com,Jun 21 - 2015,
Sharon,Tremper,El,CA,92020,6197603881,shady192021@yahoo.com,Jun 21 - 2015,
Sarina,Damaso,Atascadero,CA,93422,8055395734,sarinadamaso06@gmail.com,Jun 21 - 2015,
Valerie,Vejar,Abilene,TX,79601,3258292354,valerievejarfw31@gmail.com,Jun 21 - 2015,
Amanda,Vick,Wilson,NC,27893,2522896771,vick39@yahoo.com,Jun 21 - 2015,
D,Vora,RAHWAY,RA,7323409707,sulsa.s@gmail.com,Jun 21 - 2015,
Sue,Vue,SACRAMENTO,SA,95814,9166013285,suevue2008@gmail.com,Jun 21 - 2015,
Kestonya,Walker,TERRELL,TE,75160,4696524246,hezekiahm06@gmail.com,Jun 21 - 2015,
Jeff,Warren,El,CA,92020,6192014527,jeffw544@gmail.com,Jun 21 - 2015,
Herschel,Weber,Escondido,CA,92025,7604328818,hweber@hotmail.com,Jun 21 - 2015,
Kathy,Wheeling,Winchester,VA,22601,5406626475,blondepapergirl@yahoo.com,Jun 21 - 2015,
Christopher,White,Muenster,TX,76252,9406340108,klean1488@hotmail.com,Jun 21 - 2015,
Mariah,Williams,BLACKWOOD,BL,8568426593,zykaiwj@gmail.com,Jun 21 - 2015,
Debra,Wilson,Grand,TX,75051,8176816273,debwilson3707@yahoo.com,Jun 21 - 2015,
Tamica,Winston,Killeen,TX,76541,2544623574,tamicawinston@yahoo.com,Jun 21 - 2015,
Lashawn,Wiser,Las,NV,89101,7026375995,lashawnmw1@yahoo.com,Jun 21 - 2015,
Jennifer,Wolfe,Las,NV,89101,7027556560,jennnoah@gmail.com,Jun 21 - 2015,
Mary,Woodard,TERRELL,TE,75160,9725513199,richmary05@yahoo.com,Jun 21 - 2015,
Shashana,Wright,Lancaster,CA,93535,6614188786,wuditdo1013@gmail.com,Jun 21 - 2015,
Edem,Yeboah,Sepulveda,CA,91343,8188008944,elyeboah@gmail.com,